TransactionID,UserID,Amount,Location,Device,Time,IsFraud
TXN0003,U1002,246.01,Mumbai,Mobile,2023-11-23 23:58:00,0
TXN0004,U1035,1074.3,Chennai,Tablet,2023-11-25 19:13:00,0
TXN0005,U1028,2987.4,Jaipur,Mobile,2023-11-08 06:23:00,0
TXN0006,U1021,1461.57,Mumbai,Desktop,2023-11-05 15:38:00,0
TXN0008,U1046,2351.18,Delhi,Desktop,2023-11-04 14:04:00,0
TXN0009,U1040,3130.75,Jaipur,Desktop,2023-11-27 06:37:00,0
TXN0010,U1004,324.54,Unknown,Desktop,2023-11-04 15:09:00,0
TXN0012,U1022,1126.58,Bangalore,Tablet,2023-11-30 11:49:00,0
TXN0013,U1040,938.58,Chennai,Mobile,2023-11-08 10:28:00,0
TXN0014,U1017,4948.66,Chennai,Tablet,2023-11-26 08:20:00,0
TXN0015,U1020,4229.97,Jaipur,Mobile,2023-11-11 10:10:00,0
TXN0016,U1020,2065.71,Delhi,Mobile,2023-11-26 19:30:00,0
TXN0017,U1020,1141.87,Unknown,Desktop,2023-11-30 06:09:00,0
TXN0019,U1037,2199.33,Kolkata,Desktop,2023-11-17 11:23:00,0
TXN0020,U1008,2596.68,Delhi,Unknown,2023-11-05 23:45:00,0
TXN0021,U1010,3981.19,Hyderabad,Tablet,2023-11-03 21:23:00,0
TXN0022,U1038,4980.99,Kolkata,Desktop,2023-11-26 04:16:00,0
TXN0023,U1000,3433.39,Delhi,Tablet,2023-11-25 10:30:00,0
TXN0024,U1049,3240.71,Unknown,Desktop,2023-11-20 18:52:00,0
TXN0025,U1000,4773.7,Chennai,Desktop,2023-11-23 18:46:00,0
TXN0026,U1032,4571.88,Jaipur,Tablet,2023-11-14 13:58:00,0
TXN0028,U1049,4619.93,Delhi,Tablet,2023-11-15 18:03:00,0
TXN0029,U1007,4652.58,Jaipur,Unknown,2023-11-11 21:32:00,0
TXN0030,U1036,4740.05,Delhi,Tablet,2023-11-23 02:49:00,0
TXN0031,U1048,2710.26,Mumbai,Unknown,2023-11-22 15:08:00,1
TXN0032,U1010,1398.78,Jaipur,Tablet,2023-11-20 06:10:00,1
TXN0033,U1034,3800.8,Chennai,Unknown,2023-11-15 04:28:00,0
TXN0034,U1042,3284.4,Hyderabad,Tablet,2023-11-21 13:08:00,0
TXN0035,U1014,413.73,Delhi,Tablet,2023-11-26 05:01:00,0
TXN0036,U1014,135.24,Chennai,Tablet,2023-11-03 16:18:00,0
TXN0037,U1002,4312.21,Delhi,Tablet,2023-11-11 19:57:00,0
TXN0038,U1031,1149.76,Mumbai,Tablet,2023-11-26 23:43:00,0
TXN0039,U1015,3944.64,Jaipur,Desktop,2023-11-09 15:58:00,0
TXN0040,U1042,2212.15,Hyderabad,Desktop,2023-11-22 06:06:00,0
TXN0041,U1003,3399.49,Chennai,Mobile,2023-11-03 18:12:00,0
TXN0042,U1021,4022.9,Unknown,Mobile,2023-11-09 17:16:00,0
TXN0043,U1028,786.89,Mumbai,Desktop,2023-11-22 01:18:00,0
TXN0044,U1004,2271.34,Jaipur,Tablet,2023-11-05 10:56:00,0
TXN0046,U1030,1147.36,Hyderabad,Mobile,2023-11-08 11:49:00,0
TXN0047,U1024,1399.49,Unknown,Desktop,2023-11-13 23:34:00,0
TXN0048,U1046,4977.57,Kolkata,Tablet,2023-11-23 03:34:00,0
TXN0049,U1018,1166.73,Delhi,Tablet,2023-11-25 16:13:00,0
TXN0050,U1020,380.11,Kolkata,Desktop,2023-11-23 21:14:00,1
TXN0051,U1033,871.42,Kolkata,Mobile,2023-11-09 10:58:00,0
TXN0052,U1004,3408.54,Mumbai,Desktop,2023-11-06 10:56:00,1
TXN0053,U1036,1306.46,Unknown,Mobile,2023-11-29 04:31:00,0
TXN0054,U1042,2959.99,Kolkata,Desktop,2023-11-12 20:49:00,0
TXN0055,U1045,1639.5,Bangalore,Desktop,2023-11-06 22:57:00,0
TXN0056,U1019,2340.4,Jaipur,Mobile,2023-11-01 10:10:00,0
TXN0057,U1036,4980.87,Delhi,Tablet,2023-11-10 16:49:00,0
TXN0058,U1008,4672.97,Delhi,Unknown,2023-11-17 19:37:00,0
TXN0059,U1028,4185.35,Chennai,Desktop,2023-11-28 20:06:00,1
TXN0060,U1041,2691.81,Chennai,Tablet,2023-11-14 15:00:00,1
TXN0061,U1006,4700.76,Mumbai,Desktop,2023-11-06 06:04:00,0
TXN0062,U1047,2810.8,Bangalore,Desktop,2023-11-28 12:38:00,0
TXN0063,U1021,1097.63,Chennai,Desktop,2023-11-24 00:02:00,0
TXN0064,U1003,552.26,Hyderabad,Desktop,2023-11-03 00:09:00,0
TXN0065,U1049,741.02,Bangalore,Unknown,2023-11-21 02:36:00,0
TXN0066,U1027,2848.44,Delhi,Mobile,2023-11-07 18:48:00,0
TXN0067,U1023,2954.3,Mumbai,Desktop,2023-11-06 19:12:00,0
TXN0068,U1023,4505.01,Unknown,Mobile,2023-11-17 06:49:00,0
TXN0069,U1015,3367.97,Unknown,Tablet,2023-11-19 11:52:00,1
TXN0070,U1047,857.31,Mumbai,Mobile,2023-11-09 01:23:00,0
TXN0071,U1001,978.87,Bangalore,Desktop,2023-11-12 07:03:00,0
TXN0072,U1044,629.67,Jaipur,Mobile,2023-11-22 10:07:00,0
TXN0073,U1029,1813.33,Jaipur,Mobile,2023-11-11 03:29:00,0
TXN0074,U1012,2052.48,Bangalore,Mobile,2023-11-13 16:52:00,0
TXN0075,U1032,2058.42,Jaipur,Tablet,2023-11-16 01:42:00,1
TXN0076,U1007,4397.49,Bangalore,Mobile,2023-11-27 10:09:00,1
TXN0077,U1016,287.46,Kolkata,Desktop,2023-11-16 17:34:00,0
TXN0078,U1020,2238.33,Kolkata,Mobile,2023-11-18 12:44:00,0
TXN0079,U1012,1348.14,Chennai,Desktop,2023-11-01 01:50:00,0
TXN0080,U1034,3465.6,Unknown,Tablet,2023-11-09 23:12:00,0
TXN0081,U1004,4749.48,Bangalore,Tablet,2023-11-15 06:52:00,0
TXN0082,U1007,3626.8,Bangalore,Tablet,2023-11-15 01:49:00,0
TXN0083,U1020,2071.76,Bangalore,Tablet,2023-11-06 19:01:00,0
TXN0084,U1042,4707.78,Chennai,Tablet,2023-11-08 22:05:00,0
TXN0085,U1019,2089.77,Jaipur,Mobile,2023-11-14 19:54:00,0
TXN0086,U1027,3950.22,Kolkata,Unknown,2023-11-15 15:58:00,0
TXN0087,U1028,3410.57,Kolkata,Desktop,2023-11-08 17:20:00,0
TXN0088,U1018,2625.71,Chennai,Tablet,2023-11-16 06:06:00,0
TXN0089,U1048,1250.86,Bangalore,Mobile,2023-11-10 01:30:00,0
TXN0091,U1040,2920.79,Chennai,Tablet,2023-11-18 11:24:00,0
TXN0092,U1015,823.1,Chennai,Mobile,2023-11-05 20:25:00,0
TXN0093,U1014,961.84,Chennai,Tablet,2023-11-22 03:24:00,0
TXN0094,U1015,4595.6,Delhi,Unknown,2023-11-07 01:38:00,0
TXN0095,U1042,2702.55,Kolkata,Tablet,2023-11-15 10:34:00,1
TXN0096,U1028,3102.0,Chennai,Tablet,2023-11-20 10:06:00,0
TXN0097,U1035,2284.98,Mumbai,Tablet,2023-11-22 14:28:00,0
TXN0098,U1048,1311.47,Chennai,Desktop,2023-11-24 17:23:00,0
TXN0099,U1015,1445.53,Delhi,Unknown,2023-11-14 00:05:00,0
TXN0100,U1021,1666.58,Kolkata,Unknown,2023-11-07 07:08:00,0
TXN0101,U1024,3500.35,Chennai,Mobile,2023-11-03 22:09:00,0
TXN0102,U1021,2758.79,Hyderabad,Mobile,2023-11-10 09:55:00,0
TXN0103,U1024,4533.71,Kolkata,Tablet,2023-11-01 21:20:00,0
TXN0104,U1048,2920.88,Hyderabad,Mobile,2023-11-17 00:12:00,0
TXN0105,U1024,4281.89,Jaipur,Desktop,2023-11-25 11:52:00,0
TXN0106,U1034,4019.35,Mumbai,Desktop,2023-11-10 23:40:00,0
TXN0107,U1031,242.22,Bangalore,Tablet,2023-11-19 09:37:00,0
TXN0108,U1029,4605.75,Kolkata,Tablet,2023-11-02 05:27:00,1
TXN0110,U1029,990.47,Bangalore,Desktop,2023-11-15 21:33:00,0
TXN0111,U1020,1753.75,Hyderabad,Desktop,2023-11-20 04:27:00,0
TXN0112,U1005,2404.5,Chennai,Unknown,2023-11-03 08:53:00,1
TXN0113,U1022,1198.69,Delhi,Tablet,2023-11-02 19:58:00,0
TXN0114,U1015,1076.87,Delhi,Tablet,2023-11-07 22:26:00,0
TXN0115,U1030,3380.35,Kolkata,Mobile,2023-11-22 03:56:00,0
TXN0116,U1049,1907.59,Kolkata,Tablet,2023-11-06 05:06:00,0
TXN0117,U1010,4827.13,Delhi,Tablet,2023-11-02 04:02:00,1
TXN0118,U1036,3419.0,Unknown,Desktop,2023-11-10 00:37:00,0
TXN0119,U1044,4169.8,Mumbai,Mobile,2023-11-14 17:24:00,0
TXN0120,U1038,4047.09,Jaipur,Tablet,2023-11-02 20:51:00,0
TXN0121,U1027,3341.45,Delhi,Tablet,2023-11-30 11:17:00,0
TXN0123,U1029,3565.81,Hyderabad,Mobile,2023-11-24 17:53:00,1
TXN0124,U1017,3117.97,Kolkata,Desktop,2023-11-22 03:45:00,0
TXN0125,U1046,3003.13,Bangalore,Mobile,2023-11-04 22:39:00,0
TXN0126,U1028,1294.93,Unknown,Tablet,2023-11-28 18:38:00,0
TXN0127,U1021,240.63,Jaipur,Unknown,2023-11-09 06:37:00,0
TXN0128,U1022,4009.38,Bangalore,Desktop,2023-11-28 03:09:00,0
TXN0129,U1017,2823.38,Kolkata,Mobile,2023-11-04 21:30:00,0
TXN0130,U1026,2494.03,Jaipur,Mobile,2023-11-22 16:01:00,0
TXN0131,U1031,2296.06,Delhi,Mobile,2023-11-14 09:23:00,0
TXN0132,U1044,1292.2,Chennai,Tablet,2023-11-17 19:04:00,0
TXN0133,U1033,1784.41,Chennai,Tablet,2023-11-16 01:18:00,0
TXN0134,U1029,1427.49,Bangalore,Unknown,2023-11-06 11:47:00,0
TXN0135,U1020,685.82,Kolkata,Tablet,2023-11-09 10:13:00,0
TXN0136,U1047,2472.57,Chennai,Tablet,2023-11-24 21:02:00,0
TXN0137,U1006,4179.88,Bangalore,Mobile,2023-11-17 10:10:00,0
TXN0138,U1000,3569.29,Mumbai,Desktop,2023-11-03 01:42:00,1
TXN0139,U1035,1531.47,Mumbai,Tablet,2023-11-23 08:10:00,0
TXN0140,U1000,2912.91,Hyderabad,Unknown,2023-11-21 01:06:00,0
TXN0141,U1003,1337.14,Jaipur,Desktop,2023-11-06 04:36:00,0
TXN0142,U1025,2509.56,Kolkata,Tablet,2023-11-03 10:33:00,0
TXN0143,U1036,4750.72,Delhi,Mobile,2023-11-06 09:22:00,0
TXN0144,U1026,3070.96,Jaipur,Tablet,2023-11-11 06:30:00,0
TXN0145,U1024,2307.52,Hyderabad,Desktop,2023-11-27 18:49:00,1
TXN0146,U1019,2886.28,Delhi,Tablet,2023-11-05 12:23:00,1
TXN0147,U1013,3165.02,Bangalore,Tablet,2023-11-04 16:40:00,0
TXN0148,U1011,2804.76,Mumbai,Mobile,2023-11-19 14:12:00,0
TXN0149,U1038,2402.57,Unknown,Mobile,2023-11-14 02:41:00,0
TXN0150,U1044,4312.07,Delhi,Tablet,2023-11-11 14:57:00,1
TXN0151,U1040,2989.97,Jaipur,Mobile,2023-11-20 08:21:00,0
TXN0152,U1014,3273.41,Bangalore,Mobile,2023-11-04 05:59:00,0
TXN0153,U1019,3015.72,Jaipur,Tablet,2023-11-14 03:14:00,0
TXN0154,U1029,3474.52,Chennai,Desktop,2023-11-13 09:21:00,0
TXN0155,U1031,2245.02,Kolkata,Mobile,2023-11-20 15:53:00,0
TXN0156,U1038,1326.8,Delhi,Mobile,2023-11-27 04:16:00,0
TXN0157,U1001,4997.9,Chennai,Desktop,2023-11-27 05:24:00,0
TXN0158,U1048,958.43,Unknown,Tablet,2023-11-21 03:01:00,1
TXN0159,U1011,4985.03,Hyderabad,Tablet,2023-11-23 09:05:00,1
TXN0160,U1030,1805.01,Bangalore,Desktop,2023-11-05 18:15:00,0
TXN0161,U1021,2117.06,Hyderabad,Desktop,2023-11-19 05:24:00,0
TXN0162,U1035,279.82,Delhi,Unknown,2023-11-12 11:41:00,0
TXN0163,U1049,2080.46,Kolkata,Mobile,2023-11-30 22:20:00,0
TXN0164,U1029,2124.91,Unknown,Tablet,2023-11-17 11:09:00,0
TXN0165,U1031,3164.5,Jaipur,Mobile,2023-11-10 06:20:00,0
TXN0166,U1008,4645.6,Hyderabad,Tablet,2023-11-23 01:26:00,0
TXN0167,U1040,3083.47,Mumbai,Tablet,2023-11-08 04:59:00,0
TXN0168,U1000,2806.03,Unknown,Mobile,2023-11-06 03:55:00,0
TXN0169,U1007,3273.78,Mumbai,Desktop,2023-11-14 06:47:00,0
TXN0170,U1017,2135.9,Hyderabad,Desktop,2023-11-12 02:13:00,0
TXN0171,U1009,1979.57,Kolkata,Tablet,2023-11-07 05:06:00,0
TXN0172,U1017,3886.11,Jaipur,Desktop,2023-11-16 11:14:00,1
TXN0173,U1032,1409.15,Delhi,Desktop,2023-11-14 14:06:00,0
TXN0174,U1037,4994.62,Unknown,Mobile,2023-11-21 07:44:00,0
TXN0175,U1022,1728.96,Jaipur,Tablet,2023-11-18 04:00:00,0
TXN0176,U1020,4361.05,Chennai,Mobile,2023-11-27 00:33:00,0
TXN0177,U1049,2112.8,Bangalore,Tablet,2023-11-22 12:36:00,0
TXN0178,U1024,1991.79,Chennai,Tablet,2023-11-07 22:08:00,0
TXN0179,U1002,718.61,Kolkata,Unknown,2023-11-05 13:37:00,0
TXN0180,U1028,588.59,Hyderabad,Mobile,2023-11-07 13:27:00,0
TXN0181,U1041,4852.79,Delhi,Desktop,2023-11-13 01:28:00,0
TXN0182,U1044,2047.67,Delhi,Desktop,2023-11-25 06:51:00,0
TXN0183,U1020,3171.32,Jaipur,Desktop,2023-11-25 14:56:00,0
TXN0184,U1004,1250.37,Chennai,Desktop,2023-11-11 08:28:00,0
TXN0185,U1027,4893.85,Jaipur,Tablet,2023-11-05 13:46:00,0
TXN0186,U1044,1567.38,Delhi,Mobile,2023-11-15 18:18:00,0
TXN0187,U1018,1856.47,Hyderabad,Mobile,2023-11-12 02:43:00,0
TXN0188,U1036,3440.82,Mumbai,Mobile,2023-11-08 23:13:00,0
TXN0189,U1024,3136.58,Mumbai,Desktop,2023-11-27 12:57:00,0
TXN0191,U1029,4515.93,Chennai,Tablet,2023-11-08 04:33:00,0
TXN0192,U1022,4939.49,Bangalore,Tablet,2023-11-20 07:27:00,0
TXN0193,U1029,4241.99,Mumbai,Desktop,2023-11-22 23:47:00,0
TXN0194,U1024,2902.42,Kolkata,Desktop,2023-11-14 10:28:00,0
TXN0195,U1042,2039.45,Delhi,Tablet,2023-11-03 05:34:00,1
TXN0196,U1047,2533.96,Unknown,Mobile,2023-11-28 15:04:00,0
TXN0197,U1014,3219.43,Kolkata,Desktop,2023-12-01 00:00:00,0
TXN0198,U1008,3178.42,Chennai,Tablet,2023-11-02 19:03:00,0
TXN0200,U1018,1700.92,Hyderabad,Mobile,2023-11-10 03:19:00,0
TXN0201,U1034,4394.66,Bangalore,Tablet,2023-11-23 20:05:00,1
TXN0202,U1010,1359.15,Jaipur,Desktop,2023-11-14 10:22:00,0
TXN0203,U1021,4040.74,Hyderabad,Mobile,2023-11-07 09:44:00,0
TXN0204,U1014,4314.69,Chennai,Unknown,2023-11-19 02:04:00,1
TXN0205,U1035,1892.3,Jaipur,Desktop,2023-11-01 15:12:00,0
TXN0206,U1007,2328.45,Chennai,Tablet,2023-11-12 22:21:00,0
TXN0207,U1040,4707.43,Delhi,Tablet,2023-11-11 15:23:00,0
TXN0208,U1039,4432.75,Kolkata,Unknown,2023-11-28 18:22:00,0
TXN0209,U1004,3213.48,Hyderabad,Tablet,2023-11-14 18:04:00,0
TXN0210,U1007,784.91,Delhi,Desktop,2023-11-23 10:04:00,0
TXN0211,U1015,4447.57,Mumbai,Desktop,2023-11-21 15:29:00,0
TXN0212,U1047,3512.77,Kolkata,Desktop,2023-11-27 17:31:00,0
TXN0213,U1009,4438.53,Chennai,Unknown,2023-11-23 06:29:00,0
TXN0214,U1017,260.31,Bangalore,Mobile,2023-11-21 04:17:00,0
TXN0215,U1015,4291.71,Delhi,Tablet,2023-11-17 17:13:00,0
TXN0216,U1041,1857.5,Hyderabad,Desktop,2023-11-09 15:19:00,1
TXN0217,U1029,549.2,Mumbai,Tablet,2023-11-30 02:29:00,0
TXN0218,U1001,347.83,Bangalore,Mobile,2023-11-06 17:32:00,0
TXN0219,U1013,436.19,Jaipur,Tablet,2023-11-10 10:16:00,0
TXN0220,U1014,1709.94,Unknown,Tablet,2023-11-01 03:05:00,0
TXN0221,U1009,4938.88,Kolkata,Desktop,2023-11-08 22:35:00,0
TXN0222,U1001,745.84,Bangalore,Mobile,2023-11-27 19:11:00,0
TXN0223,U1011,1400.3,Mumbai,Tablet,2023-11-20 03:48:00,0
TXN0224,U1047,411.43,Hyderabad,Desktop,2023-11-24 08:35:00,0
TXN0225,U1028,2568.81,Kolkata,Mobile,2023-11-30 23:41:00,0
TXN0226,U1029,3252.37,Delhi,Mobile,2023-11-22 19:10:00,0
TXN0227,U1027,3461.88,Hyderabad,Tablet,2023-11-21 04:29:00,0
TXN0228,U1005,1678.35,Mumbai,Mobile,2023-11-06 17:50:00,0
TXN0230,U1033,1545.0,Kolkata,Tablet,2023-11-20 13:53:00,0
TXN0231,U1044,660.63,Chennai,Tablet,2023-11-26 02:12:00,0
TXN0232,U1013,2207.34,Unknown,Desktop,2023-11-16 10:12:00,0
TXN0233,U1025,2138.35,Delhi,Desktop,2023-11-20 10:08:00,0
TXN0234,U1016,1934.08,Mumbai,Tablet,2023-11-22 14:01:00,0
TXN0235,U1005,556.83,Delhi,Tablet,2023-11-17 23:01:00,0
TXN0236,U1035,393.91,Kolkata,Tablet,2023-11-16 00:03:00,0
TXN0237,U1026,1832.63,Chennai,Desktop,2023-11-03 08:11:00,1
TXN0238,U1038,1631.0,Delhi,Tablet,2023-11-24 02:13:00,0
TXN0239,U1042,2462.73,Jaipur,Mobile,2023-11-16 22:25:00,0
TXN0240,U1023,662.94,Bangalore,Tablet,2023-11-11 07:01:00,0
TXN0241,U1035,4875.28,Jaipur,Tablet,2023-11-28 22:11:00,0
TXN0242,U1035,228.64,Chennai,Tablet,2023-11-13 04:07:00,0
TXN0243,U1017,3543.22,Bangalore,Desktop,2023-11-16 23:24:00,0
TXN0245,U1001,549.61,Kolkata,Mobile,2023-11-18 02:54:00,0
TXN0246,U1021,871.31,Bangalore,Tablet,2023-11-15 18:18:00,0
TXN0247,U1036,3021.5,Delhi,Mobile,2023-11-08 03:56:00,0
TXN0248,U1003,3402.45,Unknown,Desktop,2023-11-20 07:08:00,0
TXN0249,U1028,2129.5,Mumbai,Tablet,2023-11-06 04:19:00,0
TXN0250,U1007,1487.91,Chennai,Tablet,2023-11-23 03:31:00,0
TXN0251,U1019,322.55,Hyderabad,Tablet,2023-11-03 11:50:00,0
TXN0252,U1019,4732.09,Jaipur,Mobile,2023-11-12 15:05:00,0
TXN0253,U1007,137.88,Chennai,Desktop,2023-11-08 23:54:00,0
TXN0254,U1034,3547.99,Kolkata,Tablet,2023-11-17 02:50:00,0
TXN0255,U1047,307.28,Delhi,Desktop,2023-11-04 13:02:00,0
TXN0256,U1036,2203.49,Hyderabad,Tablet,2023-11-30 03:12:00,0
TXN0257,U1007,2084.66,Bangalore,Mobile,2023-11-29 03:09:00,0
TXN0258,U1044,4606.87,Delhi,Desktop,2023-11-05 19:37:00,0
TXN0259,U1037,2062.2,Delhi,Desktop,2023-11-15 02:54:00,0
TXN0260,U1014,1732.04,Mumbai,Unknown,2023-11-24 05:35:00,0
TXN0261,U1033,2598.77,Jaipur,Desktop,2023-11-16 23:29:00,0
TXN0262,U1041,4093.68,Mumbai,Unknown,2023-11-07 15:57:00,0
TXN0263,U1011,3051.76,Jaipur,Tablet,2023-11-04 10:18:00,0
TXN0264,U1049,3176.95,Hyderabad,Tablet,2023-11-27 08:56:00,0
TXN0265,U1036,3250.66,Kolkata,Desktop,2023-11-29 13:05:00,0
TXN0266,U1028,434.6,Hyderabad,Tablet,2023-11-14 18:45:00,0
TXN0267,U1037,375.24,Kolkata,Mobile,2023-11-15 03:02:00,0
TXN0268,U1002,378.76,Jaipur,Desktop,2023-11-04 11:48:00,0
TXN0270,U1047,4489.8,Unknown,Tablet,2023-11-30 15:58:00,0
TXN0272,U1021,4913.69,Delhi,Tablet,2023-11-30 09:44:00,0
TXN0273,U1015,3567.35,Hyderabad,Unknown,2023-11-24 18:58:00,0
TXN0274,U1023,1926.97,Bangalore,Desktop,2023-11-19 14:29:00,0
TXN0276,U1021,563.08,Chennai,Desktop,2023-11-13 22:21:00,0
TXN0277,U1042,4825.61,Kolkata,Mobile,2023-11-16 04:07:00,0
TXN0279,U1025,731.86,Chennai,Unknown,2023-11-15 02:08:00,0
TXN0280,U1041,3979.14,Unknown,Mobile,2023-11-24 22:57:00,0
TXN0281,U1042,2174.69,Bangalore,Unknown,2023-11-17 12:03:00,0
TXN0282,U1013,1774.49,Jaipur,Desktop,2023-11-09 17:43:00,0
TXN0283,U1008,859.23,Bangalore,Mobile,2023-11-24 02:31:00,0
TXN0284,U1047,4430.04,Delhi,Tablet,2023-11-16 07:50:00,0
TXN0285,U1039,742.14,Hyderabad,Mobile,2023-11-08 09:13:00,0
TXN0287,U1023,3414.18,Mumbai,Desktop,2023-11-28 18:55:00,0
TXN0288,U1047,3940.62,Mumbai,Tablet,2023-11-11 21:14:00,0
TXN0289,U1030,4529.47,Mumbai,Desktop,2023-11-26 23:03:00,1
TXN0290,U1029,3870.25,Jaipur,Desktop,2023-11-23 21:18:00,0
TXN0291,U1010,4102.77,Jaipur,Tablet,2023-11-07 07:10:00,0
TXN0292,U1003,3241.78,Jaipur,Desktop,2023-11-26 05:42:00,1
TXN0294,U1010,1436.68,Kolkata,Mobile,2023-11-20 21:50:00,0
TXN0295,U1014,4101.85,Bangalore,Mobile,2023-11-19 21:10:00,0
TXN0296,U1032,1932.41,Hyderabad,Mobile,2023-11-18 01:30:00,0
TXN0297,U1020,4661.05,Jaipur,Tablet,2023-11-30 13:55:00,0
TXN0298,U1009,774.24,Bangalore,Desktop,2023-11-07 07:35:00,0
TXN0299,U1030,2298.15,Delhi,Mobile,2023-11-01 20:45:00,0
TXN0300,U1009,2789.14,Chennai,Tablet,2023-11-25 00:28:00,0
TXN0301,U1049,1511.7,Bangalore,Mobile,2023-11-03 04:09:00,0
TXN0302,U1040,3990.11,Hyderabad,Mobile,2023-11-06 01:05:00,0
TXN0303,U1031,3024.02,Unknown,Tablet,2023-11-24 10:55:00,0
TXN0304,U1045,803.53,Hyderabad,Mobile,2023-11-28 23:32:00,0
TXN0305,U1036,2141.18,Chennai,Tablet,2023-11-04 21:30:00,0
TXN0306,U1023,431.63,Kolkata,Tablet,2023-11-24 02:08:00,0
TXN0307,U1032,2815.34,Hyderabad,Unknown,2023-11-02 23:33:00,0
TXN0308,U1023,1342.89,Delhi,Desktop,2023-11-04 01:47:00,0
TXN0309,U1046,3319.81,Delhi,Tablet,2023-11-16 03:11:00,0
TXN0310,U1022,2775.47,Jaipur,Tablet,2023-11-08 23:14:00,0
TXN0311,U1043,2376.65,Chennai,Desktop,2023-11-29 18:01:00,0
TXN0313,U1002,3976.44,Delhi,Desktop,2023-11-15 02:41:00,0
TXN0314,U1034,2419.66,Delhi,Tablet,2023-11-09 16:44:00,0
TXN0315,U1049,334.24,Chennai,Unknown,2023-11-13 10:25:00,0
TXN0316,U1023,2241.06,Hyderabad,Tablet,2023-11-21 00:18:00,0
TXN0318,U1033,1406.93,Delhi,Tablet,2023-11-20 07:40:00,0
TXN0319,U1038,4975.98,Mumbai,Tablet,2023-11-14 08:52:00,0
TXN0320,U1005,1706.81,Bangalore,Desktop,2023-11-21 07:03:00,0
TXN0321,U1027,916.56,Unknown,Desktop,2023-11-21 08:23:00,0
TXN0322,U1022,3112.77,Hyderabad,Desktop,2023-11-30 02:28:00,1
TXN0323,U1003,467.7,Chennai,Desktop,2023-11-17 12:49:00,0
TXN0324,U1047,3429.11,Delhi,Mobile,2023-11-28 15:37:00,0
TXN0325,U1028,270.51,Unknown,Unknown,2023-11-30 08:41:00,0
TXN0326,U1024,4752.39,Delhi,Tablet,2023-11-07 23:35:00,0
TXN0327,U1023,1922.87,Unknown,Mobile,2023-11-27 02:52:00,0
TXN0328,U1023,2050.37,Chennai,Desktop,2023-11-12 08:38:00,1
TXN0329,U1001,3704.81,Hyderabad,Tablet,2023-11-18 14:41:00,1
TXN0330,U1007,1382.71,BANGALORE,Tablet,2023-11-21 07:26:00,0
TXN0331,U1039,1499.33,Hyderabad,Mobile,2023-11-06 13:57:00,0
TXN0332,U1004,2315.01,Unknown,Desktop,2023-11-04 23:53:00,0
TXN0333,U1020,3372.41,Chennai,Mobile,2023-11-26 00:44:00,0
TXN0334,U1019,4271.67,Chennai,Tablet,2023-11-30 00:32:00,0
TXN0335,U1023,2592.9,Delhi,Mobile,2023-11-07 07:41:00,0
TXN0336,U1031,228.79,Kolkata,Tablet,2023-11-17 18:56:00,0
TXN0337,U1035,735.88,Delhi,Mobile,2023-11-15 01:49:00,0
TXN0338,U1045,3622.46,Kolkata,Desktop,2023-11-19 15:12:00,0
TXN0339,U1004,714.1,Bangalore,Tablet,2023-11-04 09:00:00,0
TXN0340,U1043,2635.06,Mumbai,Tablet,2023-11-30 02:49:00,0
TXN0342,U1033,849.78,Mumbai,Mobile,2023-11-15 16:25:00,1
TXN0343,U1014,1795.51,Kolkata,Desktop,2023-11-04 14:08:00,0
TXN0344,U1040,4786.12,Unknown,Mobile,2023-11-29 10:41:00,0
TXN0345,U1034,557.8,Chennai,Mobile,2023-11-27 22:24:00,1
TXN0346,U1009,938.88,Kolkata,Tablet,2023-11-28 12:58:00,0
TXN0347,U1036,301.85,Jaipur,Mobile,2023-11-04 16:43:00,0
TXN0348,U1041,3878.01,Bangalore,Tablet,2023-11-10 14:15:00,0
TXN0349,U1026,3128.73,Delhi,Desktop,2023-11-29 13:01:00,0
TXN0350,U1041,4787.59,Hyderabad,Mobile,2023-11-19 11:33:00,0
TXN0351,U1004,3474.21,Unknown,Desktop,2023-11-19 21:58:00,0
TXN0352,U1013,1766.94,Mumbai,Desktop,2023-11-15 12:46:00,0
TXN0353,U1022,4879.33,Unknown,Desktop,2023-11-24 10:29:00,0
TXN0354,U1020,1284.52,Delhi,Desktop,2023-11-21 11:04:00,0
TXN0355,U1006,347.97,Hyderabad,Tablet,2023-11-20 00:42:00,0
TXN0356,U1010,4086.04,Kolkata,Tablet,2023-11-15 05:34:00,0
TXN0357,U1010,2541.5,Kolkata,Desktop,2023-11-23 16:46:00,0
TXN0358,U1031,213.56,Hyderabad,Tablet,2023-11-21 19:25:00,1
TXN0359,U1013,2958.39,Delhi,Unknown,2023-11-13 19:18:00,0
TXN0360,U1041,3395.35,Unknown,Tablet,2023-11-01 08:55:00,0
TXN0361,U1027,756.28,Bangalore,Tablet,2023-11-17 15:31:00,0
TXN0362,U1023,321.69,Delhi,Tablet,2023-11-26 13:39:00,0
TXN0363,U1035,1514.15,Hyderabad,Tablet,2023-11-21 11:54:00,0
TXN0364,U1017,4144.03,Unknown,Tablet,2023-11-28 19:25:00,0
TXN0365,U1006,2030.13,Jaipur,Desktop,2023-11-26 09:18:00,1
TXN0366,U1048,806.91,Unknown,Tablet,2023-11-19 06:25:00,0
TXN0367,U1002,290.68,Chennai,Desktop,2023-11-22 13:27:00,0
TXN0368,U1009,3070.68,Kolkata,Mobile,2023-11-15 22:13:00,1
TXN0369,U1020,896.26,Kolkata,Tablet,2023-11-14 14:50:00,0
TXN0370,U1032,4158.62,Kolkata,Desktop,2023-11-26 14:51:00,0
TXN0371,U1001,1904.95,Chennai,Mobile,2023-11-19 22:58:00,0
TXN0372,U1046,4373.29,Chennai,Mobile,2023-11-28 03:59:00,0
TXN0373,U1041,3936.23,Jaipur,Tablet,2023-11-27 06:55:00,0
TXN0374,U1003,2959.26,Mumbai,Tablet,2023-11-29 15:03:00,0
TXN0375,U1049,4221.72,Mumbai,Tablet,2023-11-12 00:32:00,0
TXN0376,U1044,638.49,Delhi,Desktop,2023-11-15 06:38:00,0
TXN0377,U1026,3483.45,Hyderabad,Tablet,2023-11-28 19:53:00,1
TXN0378,U1047,3664.27,Chennai,Mobile,2023-11-24 14:32:00,0
TXN0379,U1020,4990.8,Hyderabad,Tablet,2023-11-18 03:35:00,0
TXN0380,U1011,2352.35,Unknown,Desktop,2023-11-25 20:40:00,0
TXN0381,U1049,4351.51,Chennai,Tablet,2023-11-13 00:45:00,0
TXN0382,U1012,4790.95,Bangalore,Tablet,2023-11-14 14:02:00,0
TXN0383,U1019,3878.75,Chennai,Mobile,2023-11-23 06:07:00,0
TXN0384,U1022,2846.39,Jaipur,Unknown,2023-11-13 10:41:00,0
TXN0385,U1036,3415.45,Hyderabad,Unknown,2023-11-16 16:58:00,1
TXN0386,U1009,1523.22,Bangalore,Tablet,2023-11-04 14:19:00,0
TXN0387,U1028,3314.26,Chennai,Desktop,2023-11-10 17:43:00,0
TXN0388,U1034,1428.55,Kolkata,Tablet,2023-11-13 08:40:00,0
TXN0389,U1039,3730.37,Mumbai,Mobile,2023-11-03 07:26:00,0
TXN0390,U1033,1205.79,Mumbai,Mobile,2023-11-05 13:26:00,0
TXN0391,U1045,2414.78,Chennai,Mobile,2023-11-01 05:39:00,1
TXN0392,U1010,2093.85,Hyderabad,Desktop,2023-11-30 14:33:00,0
TXN0393,U1018,1673.72,Chennai,Mobile,2023-11-05 01:42:00,0
TXN0394,U1014,2722.25,Chennai,Unknown,2023-11-08 23:13:00,0
TXN0395,U1011,4676.22,Delhi,Desktop,2023-11-23 13:05:00,0
TXN0396,U1047,4814.44,Bangalore,Mobile,2023-11-01 10:07:00,0
TXN0397,U1038,625.77,Bangalore,Desktop,2023-11-21 16:16:00,1
TXN0398,U1034,2669.16,Mumbai,Tablet,2023-11-22 07:12:00,0
TXN0399,U1007,1720.35,Chennai,Unknown,2023-11-30 12:06:00,0
TXN0400,U1011,169.01,Bangalore,Desktop,2023-11-26 20:10:00,0
TXN0401,U1012,959.93,Unknown,Tablet,2023-11-19 10:54:00,0
TXN0402,U1032,1706.84,Unknown,Tablet,2023-11-05 08:11:00,0
TXN0403,U1008,2439.53,Mumbai,Mobile,2023-11-12 20:50:00,0
TXN0404,U1028,3793.41,Bangalore,Desktop,2023-11-27 12:12:00,0
TXN0405,U1000,1381.61,Bangalore,Tablet,2023-11-11 18:06:00,0
TXN0406,U1007,2380.44,Mumbai,Desktop,2023-11-23 20:53:00,1
TXN0407,U1045,3872.22,Chennai,Mobile,2023-11-30 01:38:00,1
TXN0408,U1018,1900.97,Mumbai,Mobile,2023-11-07 01:53:00,0
TXN0409,U1029,3763.9,Kolkata,Desktop,2023-11-19 22:12:00,0
TXN0411,U1043,3798.22,Jaipur,Mobile,2023-11-24 21:59:00,0
TXN0412,U1045,1872.75,Kolkata,Mobile,2023-11-03 19:27:00,0
TXN0413,U1032,1090.57,Kolkata,Mobile,2023-11-08 11:43:00,0
TXN0414,U1033,2265.02,Unknown,Mobile,2023-11-27 12:57:00,0
TXN0416,U1029,2863.16,Kolkata,Desktop,2023-11-15 00:36:00,0
TXN0417,U1025,1346.84,Unknown,Tablet,2023-11-10 22:00:00,0
TXN0418,U1002,2176.12,Chennai,Mobile,2023-11-25 15:05:00,1
TXN0419,U1004,4932.07,Unknown,Mobile,2023-11-14 01:34:00,0
TXN0420,U1049,763.6,Chennai,Unknown,2023-11-30 09:28:00,1
TXN0421,U1023,4965.0,Hyderabad,Desktop,2023-11-18 04:19:00,0
TXN0422,U1043,4824.31,Jaipur,Tablet,2023-11-07 01:15:00,0
TXN0423,U1022,681.3,Kolkata,Desktop,2023-11-25 01:38:00,0
TXN0424,U1014,4190.63,Jaipur,Mobile,2023-11-14 13:53:00,0
TXN0425,U1046,2767.78,Kolkata,Desktop,2023-11-11 10:51:00,0
TXN0426,U1022,860.09,Mumbai,Tablet,2023-11-06 03:15:00,0
TXN0427,U1042,2154.28,Jaipur,Mobile,2023-11-11 22:52:00,0
TXN0428,U1006,3010.33,Hyderabad,Unknown,2023-11-03 05:10:00,0
TXN0429,U1002,2071.1,Mumbai,Tablet,2023-11-10 21:18:00,0
TXN0430,U1049,376.58,Kolkata,Desktop,2023-11-11 15:46:00,0
TXN0431,U1046,2922.94,Kolkata,Tablet,2023-11-15 14:15:00,0
TXN0432,U1009,4929.91,Kolkata,Mobile,2023-11-19 19:43:00,0
TXN0433,U1003,2827.92,Kolkata,Tablet,2023-11-08 23:17:00,0
TXN0434,U1027,2823.67,Delhi,Desktop,2023-11-30 06:40:00,0
TXN0435,U1033,1661.8,Unknown,Desktop,2023-11-07 18:59:00,0
TXN0436,U1011,3796.64,Hyderabad,Mobile,2023-11-11 06:08:00,0
TXN0437,U1045,807.32,Hyderabad,Unknown,2023-11-26 14:16:00,0
TXN0438,U1026,2830.71,Mumbai,Desktop,2023-11-12 01:15:00,0
TXN0439,U1021,3268.86,Unknown,Unknown,2023-11-05 04:59:00,0
TXN0440,U1012,352.53,Hyderabad,Tablet,2023-11-28 12:47:00,0
TXN0441,U1004,1022.0,Jaipur,Tablet,2023-11-26 10:24:00,0
TXN0442,U1013,4360.42,Bangalore,Desktop,2023-11-01 16:44:00,0
TXN0443,U1012,4814.18,Delhi,Tablet,2023-11-22 19:06:00,1
TXN0444,U1044,3061.57,Unknown,Desktop,2023-11-11 21:24:00,0
TXN0445,U1049,1486.99,Hyderabad,Unknown,2023-11-30 12:34:00,0
TXN0446,U1016,1862.26,Hyderabad,Desktop,2023-11-05 11:42:00,0
TXN0447,U1046,2400.5,Unknown,Desktop,2023-11-10 05:52:00,0
TXN0448,U1026,324.01,Jaipur,Mobile,2023-11-07 15:23:00,0
TXN0449,U1035,4680.32,Kolkata,Unknown,2023-11-20 00:06:00,0
TXN0450,U1012,1716.34,Hyderabad,Tablet,2023-11-12 04:24:00,0
TXN0451,U1041,4722.98,Bangalore,Desktop,2023-11-23 05:42:00,1
TXN0452,U1041,3724.01,Hyderabad,Mobile,2023-11-17 00:40:00,0
TXN0453,U1046,2778.08,Mumbai,Tablet,2023-11-30 05:01:00,1
TXN0454,U1033,265.74,Jaipur,Mobile,2023-11-03 04:59:00,0
TXN0455,U1026,773.71,Chennai,Mobile,2023-11-04 02:14:00,0
TXN0456,U1000,1171.73,Hyderabad,Unknown,2023-11-03 18:01:00,0
TXN0458,U1034,2803.05,Delhi,Mobile,2023-11-25 02:15:00,0
TXN0459,U1034,4889.65,Delhi,Unknown,2023-11-20 14:18:00,0
TXN0460,U1011,624.38,Delhi,Tablet,2023-11-07 18:38:00,0
TXN0461,U1039,2679.63,Jaipur,Desktop,2023-11-13 03:59:00,0
TXN0462,U1005,1927.95,Hyderabad,Desktop,2023-11-26 17:07:00,0
TXN0464,U1041,3821.97,Delhi,Desktop,2023-11-18 06:15:00,0
TXN0465,U1030,374.96,Delhi,Tablet,2023-11-08 19:11:00,0
TXN0466,U1027,3260.05,Unknown,Tablet,2023-11-05 08:09:00,0
TXN0467,U1002,1225.86,Jaipur,Tablet,2023-11-26 19:04:00,0
TXN0468,U1002,4628.38,Chennai,Unknown,2023-11-25 17:08:00,0
TXN0469,U1002,978.84,Jaipur,Desktop,2023-11-01 17:06:00,1
TXN0470,U1037,806.54,Jaipur,Tablet,2023-11-19 03:02:00,1
TXN0471,U1019,896.01,Mumbai,Tablet,2023-11-18 17:03:00,0
TXN0472,U1034,1725.48,Jaipur,Tablet,2023-11-07 08:51:00,0
TXN0474,U1027,1237.51,Unknown,Desktop,2023-11-28 13:00:00,0
TXN0475,U1038,2043.84,Jaipur,Desktop,2023-11-02 08:21:00,0
TXN0476,U1028,2503.96,Bangalore,Tablet,2023-11-18 02:03:00,0
TXN0477,U1043,2970.79,Hyderabad,Unknown,2023-11-29 03:41:00,0
TXN0478,U1015,3594.23,Unknown,Desktop,2023-11-08 00:27:00,0
TXN0479,U1040,855.96,Hyderabad,Desktop,2023-11-17 09:58:00,0
TXN0480,U1000,4720.51,Unknown,Desktop,2023-11-13 06:39:00,0
TXN0481,U1005,1018.22,Hyderabad,Tablet,2023-11-26 05:55:00,0
TXN0482,U1006,228.68,Bangalore,Tablet,2023-11-05 05:39:00,0
TXN0484,U1005,3651.73,Kolkata,Unknown,2023-11-27 00:43:00,0
TXN0485,U1043,1965.59,Mumbai,Unknown,2023-11-14 16:54:00,0
TXN0486,U1009,410.01,Hyderabad,Desktop,2023-11-20 03:57:00,0
TXN0487,U1004,1869.51,Mumbai,Tablet,2023-11-29 10:42:00,0
TXN0488,U1039,1058.19,Delhi,Unknown,2023-11-14 20:46:00,0
TXN0489,U1025,1727.86,Kolkata,Desktop,2023-11-15 23:56:00,0
TXN0490,U1027,4095.83,Jaipur,Tablet,2023-11-28 01:14:00,0
TXN0491,U1020,3055.74,Chennai,Mobile,2023-11-22 19:12:00,0
TXN0492,U1025,4846.75,Bangalore,Tablet,2023-11-29 19:17:00,0
TXN0493,U1036,3931.67,Bangalore,Desktop,2023-11-13 18:09:00,0
TXN0494,U1025,1888.58,Kolkata,Mobile,2023-11-27 22:52:00,1
TXN0495,U1011,3440.39,Kolkata,Mobile,2023-11-22 00:12:00,1
TXN0496,U1013,2248.43,Bangalore,Tablet,2023-11-04 03:32:00,0
TXN0497,U1026,3397.59,Mumbai,Unknown,2023-11-14 18:46:00,0
TXN0498,U1042,855.3,Hyderabad,Desktop,2023-11-04 08:47:00,0
TXN0499,U1038,2448.25,Hyderabad,Unknown,2023-11-24 01:21:00,1
TXN0500,U1044,2149.67,Delhi,Desktop,2023-11-25 10:26:00,0
